CODDEPTO,DEPARTAMENTO,CODMPIO,MUNICIPIO,2001,2002,2003,2004,2005,2006,2007,2008,2009,2010,2011,2012,2013,2014,2015,2016,2017,2018,2019,2020,2021,2022
91,AMAZONAS,91263,EL ENCANTO (Cor. Departamental),191.82,264.00,164.00,270.00,382.00,233.00,186.00,349.00,109.00,81.00,35.00,16.00,8.00,20.00,11.77,12.65,8.04,4.12,2.52,0,- 0,- 0
91,AMAZONAS,91405,LA CHORRERA (Cor. Departamental),65.00,236.00,209.00,271.00,257.00,223.00,132.00,349.00,81.00,113.00,36.00,22.00,25.00,51.00,13.61,14.09,18.20,6.04,3.16,0,- 0,- 0
91,AMAZONAS,91407,LA PEDRERA (Cor. Departamental),- 0,- 0,- 0,- 0,- 0,- 0,- 0,- 0,7.00,12.00,- 0,1.00,- 0,- 0,- 0,- 0,- 0,- 0,- 0,0,- 0,- 0
91,AMAZONAS,91430,LA VICTORIA (Pacoa) (Cor. Departamental),- 0,- 0,- 0,- 0,- 0,- 0,- 0,- 0,2.00,10.00,- 0,- 0,- 0,- 0,- 0,- 0,- 0,- 0,- 0,0,- 0,- 0
91,AMAZONAS,91460,MIRITÍ-PARANÁ (Campoamor) (Cor. Departamental),6.00,43.00,36.18,30.00,12.00,4.00,9.00,2.00,4.00,15.00,- 0,5.00,- 0,- 0,- 0,- 0,- 0,- 0,- 0,0,- 0,- 0
91,AMAZONAS,91530,PUERTO ALEGRÍA (Cor. Departamental),212.34,195.00,173.00,174.00,210.00,202.00,165.00,95.00,53.00,73.00,44.00,54.00,76.00,102.00,85.79,140.03,139.38,111.49,118.96,61.45,72.76,103.39
91,AMAZONAS,91536,PUERTO ARICA (Cor. Departamental),- 0,1.00,6.36,- 0,- 0,- 0,- 0,- 0,- 0,- 0,- 0,- 0,- 0,- 0,- 0,- 0,- 0,- 0,- 0,0,- 0,- 0
91,AMAZONAS,91669,SANTANDER (Araracuara) (Cor. Departamental),33.00,44.00,36.72,38.00,36.00,30.00,49.00,41.00,22.00,34.00,7.00,- 0,1.00,- 0,- 0,- 0,- 0,- 0,- 0,0,- 0,- 0
05,ANTIOQUIA,05031,AMALFI,36.61,110.00,74.00,173.00,210.00,342.00,246.00,151.00,108.00,103.00,29.00,170.00,48.00,40.00,28.36,130.81,197.94,205.61,191.08,209.8,475.39,404.95
05,ANTIOQUIA,05040,ANORÍ,201.25,369.00,613.71,753.00,759.00,836.00,533.00,787.00,239.00,526.00,208.00,361.00,107.00,199.00,256.05,661.70,"1,312.28",969.49,768.35,1088.88,"1,737.40",1540.74
05,ANTIOQUIA,05045,APARTADÓ,- 0,- 0,- 0,- 0,- 0,- 0,- 0,10.00,21.00,70.00,- 0,19.00,5.00,6.00,8.90,9.48,7.93,1.51,7.26,5.69,1.86,3.35
05,ANTIOQUIA,05055,ARGELIA,- 0,- 0,4.00,21.00,21.00,15.00,2.00,1.00,3.00,9.00,42.00,5.00,2.00,- 0,- 0,- 0,- 0,- 0,- 0,0,- 0,- 0
05,ANTIOQUIA,05107,BRICEÑO,24.17,17.00,20.00,54.00,115.00,44.00,329.00,85.00,50.00,94.00,38.00,53.00,5.00,27.00,91.45,736.94,414.90,289.04,90.71,88.59,363.09,417.62
05,ANTIOQUIA,05120,CÁCERES,229.11,116.00,537.00,539.00,650.00,579.00,552.00,524.00,382.00,"1,056.00",453.00,290.00,143.00,510.00,420.12,"1,131.27","1,943.61","1,826.23","1,101.54",1273.92,"1,869.62",1785.65
05,ANTIOQUIA,05134,CAMPAMENTO,- 0,8.00,- 0,62.00,28.00,9.00,38.00,6.00,25.00,- 0,- 0,6.00,11.00,41.00,25.60,130.32,228.15,204.57,183.95,179.43,326.09,268.84
05,ANTIOQUIA,05142,CARACOLÍ,- 0,- 0,- 0,- 0,- 0,1.00,- 0,14.00,- 0,2.00,2.00,- 0,- 0,- 0,- 0,- 0,- 0,- 0,- 0,0,- 0,- 0
05,ANTIOQUIA,05147,CAREPA,- 0,- 0,- 0,2.00,- 0,- 0,- 0,4.00,- 0,4.00,- 0,- 0,- 0,- 0,- 0,- 0,- 0,- 0,- 0,0,- 0,- 0
05,ANTIOQUIA,05148,CARMEN DE VIBORAL,- 0,- 0,- 0,- 0,- 0,- 0,- 0,- 0,2.00,- 0,- 0,- 0,- 0,- 0,- 0,- 0,- 0,- 0,- 0,0,- 0,- 0
05,ANTIOQUIA,05154,CAUCASIA,95.11,26.00,27.00,21.00,2.00,12.00,7.00,2.00,- 0,- 0,- 0,- 0,- 0,- 0,- 0,5.89,- 0,2.25,- 0,0,3.32,3.63
05,ANTIOQUIA,05172,CHIGORODÓ,- 0,- 0,- 0,- 0,- 0,- 0,- 0,2.00,- 0,7.00,1.00,7.00,4.00,1.00,- 0,10.43,6.94,5.31,6.37,4.1,12.18,15.6
05,ANTIOQUIA,05197,COCORNÁ,- 0,- 0,- 0,- 0,- 0,- 0,- 0,13.00,6.00,- 0,1.00,4.00,- 0,- 0,- 0,- 0,- 0,- 0,- 0,0,- 0,- 0
05,ANTIOQUIA,05234,DABEIBA,40.00,- 0,- 0,- 0,- 0,- 0,- 0,- 0,40.00,4.00,2.00,4.00,- 0,- 0,- 0,- 0,- 0,- 0,- 0,0,- 0,- 0
05,ANTIOQUIA,05250,EL BAGRE,452.25,327.00,524.00,546.00,721.00,463.00,"1,752.00",708.00,715.00,"1,110.00",317.00,339.00,96.00,21.00,85.34,446.31,595.17,811.02,648.31,1265.7,"1,152.82",878.64
05,ANTIOQUIA,05284,FRONTINO,1.00,- 0,- 0,- 0,- 0,- 0,- 0,- 0,- 0,- 0,- 0,- 0,- 0,- 0,- 0,- 0,- 0,- 0,- 0,0,- 0,- 0
05,ANTIOQUIA,05310,GÓMEZ PLATA,24.96,2.00,- 0,- 0,- 0,- 0,- 0,- 0,- 0,- 0,- 0,- 0,- 0,- 0,- 0,- 0,- 0,- 0,- 0,0,- 0,- 0
05,ANTIOQUIA,05361,ITUANGO,134.67,130.00,200.00,135.00,161.00,76.00,45.00,228.00,250.00,16.00,82.00,138.00,27.00,108.00,41.37,305.23,865.56,882.69,724.51,967.34,"1,414.19",1213.2
05,ANTIOQUIA,05425,MACEO,7.95,- 0,- 0,- 0,- 0,- 0,- 0,- 0,- 0,- 0,- 0,- 0,- 0,- 0,- 0,- 0,- 0,- 0,- 0,0,- 0,- 0
05,ANTIOQUIA,05475,MURINDÓ,- 0,- 0,- 0,- 0,- 0,- 0,- 0,- 0,6.00,- 0,3.00,- 0,1.00,- 0,- 0,- 0,- 0,- 0,1.52,8.12,46.05,69.23
05,ANTIOQUIA,05480,MUTATÁ,1.00,- 0,- 0,- 0,- 0,- 0,- 0,- 0,- 0,7.00,- 0,10.00,4.00,- 0,1.18,- 0,6.65,3.49,1.21,1.1,5.99,10
05,ANTIOQUIA,05483,NARIÑO,- 0,- 0,2.00,8.00,1.00,94.00,32.00,17.00,61.00,29.00,66.00,3.00,- 0,1.00,- 0,- 0,- 0,- 0,- 0,0,- 0,- 0
05,ANTIOQUIA,05495,NECHÍ,15.67,57.00,125.00,195.00,365.00,335.00,"1,085.00",328.00,235.00,119.00,210.00,173.00,28.00,39.00,128.35,360.85,551.52,708.03,530.37,551.1,365.53,277.93
05,ANTIOQUIA,05490,NECOCLÍ,- 0,- 0,78.00,1.00,- 0,- 0,- 0,- 0,- 0,- 0,- 0,- 0,1.00,- 0,- 0,- 0,- 0,- 0,- 0,0,- 0,- 0
05,ANTIOQUIA,05579,PUERTO BERRÍO,- 0,- 0,- 0,- 0,- 0,- 0,- 0,2.00,- 0,- 0,3.00,2.00,2.00,- 0,- 0,- 0,- 0,- 0,- 0,0,- 0,- 0
05,ANTIOQUIA,05585,PUERTO NARE,- 0,- 0,- 0,7.00,2.00,35.00,44.00,45.00,2.00,17.00,22.00,5.00,- 0,- 0,- 0,- 0,- 0,- 0,- 0,0,- 0,- 0
05,ANTIOQUIA,05591,PUERTO TRIUNFO,- 0,- 0,- 0,- 0,- 0,1.00,- 0,- 0,- 0,- 0,- 0,- 0,- 0,- 0,- 0,- 0,- 0,- 0,- 0,0,- 0,- 0
05,ANTIOQUIA,05604,REMEDIOS,443.32,534.00,331.00,193.00,202.00,265.00,142.00,154.00,121.00,85.00,86.00,29.00,3.00,5.00,3.99,10.38,24.67,45.37,39.33,38.88,129.44,118.94
05,ANTIOQUIA,05628,SABANALARGA,- 0,1.00,- 0,- 0,- 0,- 0,- 0,- 0,- 0,- 0,- 0,- 0,- 0,- 0,- 0,- 0,- 0,- 0,- 0,0,- 0,- 0
05,ANTIOQUIA,05649,SAN CARLOS,1.00,- 0,- 0,- 0,- 0,38.00,23.00,17.00,45.00,13.00,44.00,48.00,3.00,3.00,1.44,1.76,- 0,- 0,- 0,0,1.18,1.39
05,ANTIOQUIA,05652,SAN FRANCISCO,22.85,- 0,17.00,- 0,27.00,137.00,79.00,235.00,71.00,139.00,129.00,47.00,31.00,23.00,29.46,15.52,13.99,28.75,14.11,13.75,30.62,48.47
05,ANTIOQUIA,05660,SAN LUIS,13.02,- 0,18.00,- 0,83.00,197.00,102.00,271.00,182.00,37.00,114.00,21.00,11.00,12.00,8.33,8.23,4.57,8.91,1.66,2.1,9.12,23.01
05,ANTIOQUIA,05665,SAN PEDRO DE URABÁ,- 0,- 0,8.00,- 0,- 0,- 0,- 0,- 0,1.00,- 0,- 0,- 0,- 0,- 0,5.28,4.56,3.48,2.66,1.07,0,- 0,- 0
05,ANTIOQUIA,05667,SAN RAFAEL,9.15,- 0,- 0,- 0,- 0,2.00,- 0,8.00,17.00,- 0,- 0,4.00,- 0,- 0,- 0,- 0,- 0,- 0,- 0,0,- 0,- 0
05,ANTIOQUIA,05670,SAN ROQUE,92.01,2.00,- 0,- 0,- 0,- 0,- 0,3.00,- 0,2.00,- 0,4.00,- 0,- 0,- 0,- 0,- 0,- 0,- 0,0,- 0,- 0
05,ANTIOQUIA,05686,SANTA ROSA DE OSOS,3.89,- 0,- 0,- 0,- 0,- 0,- 0,- 0,- 0,- 0,- 0,- 0,- 0,- 0,- 0,- 0,- 0,- 0,- 0,0,- 0,- 0
05,ANTIOQUIA,05736,SEGOVIA,211.64,355.00,58.00,152.00,403.00,604.00,436.00,307.00,305.00,316.00,202.00,98.00,19.00,38.00,58.14,143.85,191.93,306.59,198.30,200.11,226.86,262.68
05,ANTIOQUIA,05756,SONSÓN,1.00,- 0,55.00,25.00,41.00,84.00,25.00,70.00,16.00,45.00,44.00,10.00,10.00,3.00,2.70,2.32,- 0,- 0,- 0,0,2.56,3.94
05,ANTIOQUIA,05790,TARAZÁ,684.18,337.00,537.00,"1,163.00","1,402.00","1,105.00","1,663.00",931.00,773.00,986.00,635.00,495.00,338.00,842.00,884.61,"2,797.31","3,803.68","3,728.41","2,061.72",2465.65,"3,531.32",3244.89
05,ANTIOQUIA,05819,TOLEDO,- 0,- 0,- 0,- 0,- 0,- 0,- 0,- 0,- 0,- 0,- 0,- 0,- 0,- 0,- 0,- 0,- 0,3.44,- 0,0,- 0,- 0
05,ANTIOQUIA,05837,TURBO,- 0,- 0,151.00,21.00,- 0,- 0,- 0,8.00,26.00,12.00,- 0,17.00,35.00,18.00,45.44,97.99,61.01,56.84,54.52,46.07,43.04,84.55
05,ANTIOQUIA,05842,URAMITA,3.58,- 0,- 0,- 0,- 0,- 0,- 0,- 0,- 0,- 0,- 0,- 0,- 0,- 0,- 0,- 0,- 0,- 0,- 0,0,- 0,- 0
05,ANTIOQUIA,05847,URRAO,- 0,- 0,- 0,14.00,- 0,1.00,3.00,- 0,- 0,22.00,32.00,17.00,5.00,- 0,- 0,- 0,- 0,- 0,- 0,0,- 0,- 0
05,ANTIOQUIA,05854,VALDIVIA,124.20,50.00,157.00,431.00,467.00,426.00,"1,027.00",409.00,422.00,134.00,199.00,76.00,32.00,298.00,189.59,"1,620.80","2,899.35","2,623.54","2,360.05",2833.73,"4,105.39",4516.57
05,ANTIOQUIA,05858,VEGACHÍ,66.41,74.00,75.00,49.00,38.00,25.00,58.00,22.00,20.00,- 0,7.00,10.00,- 0,1.00,- 0,- 0,36.45,42.29,31.55,27.4,108.57,78.59
05,ANTIOQUIA,05873,VIGÍA DEL FUERTE,- 0,- 0,- 0,3.00,- 0,- 0,- 0,- 0,1.00,- 0,13.00,- 0,7.00,3.00,- 0,- 0,- 0,- 0,- 0,0,- 0,8.84
05,ANTIOQUIA,05885,YALÍ,89.81,47.00,46.00,27.00,22.00,- 0,53.00,- 0,6.00,- 0,- 0,- 0,- 0,10.00,12.37,17.66,52.31,58.28,31.00,40.38,77.69,45.02
05,ANTIOQUIA,05887,YARUMAL,2.00,2.00,- 0,68.00,6.00,17.00,8.00,- 0,9.00,2.00,3.00,- 0,1.00,13.00,3.16,40.04,93.90,87.63,70.97,79.69,113.81,125.13
05,ANTIOQUIA,05890,YOLOMBÓ,71.94,7.00,17.00,- 0,- 0,- 0,- 0,- 0,- 0,- 0,- 0,- 0,- 0,4.00,1.44,4.73,13.34,23.41,1.43,3.92,9.92,16.24
05,ANTIOQUIA,05893,YONDÓ (Casabe),0.74,59.00,85.00,86.00,88.00,13.00,31.00,239.00,153.00,- 0,69.00,8.00,- 0,3.00,3.08,- 0,4.58,6.50,14.67,8.72,10.68,17.86
05,ANTIOQUIA,05895,ZARAGOZA,281.81,399.00,505.00,416.00,600.00,400.00,"1,611.00",495.00,240.00,384.00,49.00,252.00,12.00,24.00,66.82,160.90,346.92,471.23,346.37,686.02,807.18,682.48
81,ARAUCA,81065,ARAUQUITA,"1,325.09","1,647.00",293.84,939.00,"1,165.00",775.00,"1,090.00",205.00,200.00,123.00,42.00,58.00,44.00,16.00,9.12,6.34,116.63,7.44,- 0,0,- 0,- 0
81,ARAUCA,81300,FORTUL,265.82,165.00,71.31,252.00,249.00,158.00,519.00,39.00,72.00,46.00,24.00,5.00,3.00,3.00,1.23,- 0,- 0,- 0,- 0,0,- 0,- 0
81,ARAUCA,81591,PUERTO RONDÓN,43.95,34.00,- 0,10.00,36.00,50.00,18.00,15.00,8.00,3.00,2.00,- 0,1.00,2.00,1.93,- 0,4.59,- 0,- 0,0,- 0,- 0
81,ARAUCA,81736,SARAVENA,138.25,55.00,76.51,98.00,184.00,126.00,192.00,92.00,34.00,15.00,15.00,5.00,4.00,1.00,- 0,- 0,- 0,- 0,- 0,0,- 0,- 0
81,ARAUCA,81794,TAME,396.23,314.00,96.38,253.00,249.00,197.00,297.00,96.00,103.00,60.00,50.00,14.00,17.00,4.00,4.85,2.57,- 0,- 0,- 0,0,- 0,- 0
13,BOLÍVAR,13006,ACHÍ,1.00,- 0,- 0,- 0,3.00,- 0,20.00,- 0,14.00,60.00,5.00,12.00,1.00,6.00,3.77,9.12,12.48,12.53,8.22,5.72,4.94,9.27
13,BOLÍVAR,13030,ALTOS DEL ROSARIO,- 0,- 0,37.27,42.97,58.00,18.00,57.00,43.00,67.00,6.00,16.00,- 0,- 0,- 0,- 0,- 0,- 0,- 0,- 0,0,- 0,5.29
13,BOLÍVAR,13042,ARENAL,53.35,71.00,194.00,109.00,150.00,67.00,221.00,117.00,182.00,114.00,57.00,38.00,16.00,56.00,10.57,18.69,21.35,2.51,19.13,35.55,104.58,123.48
13,BOLÍVAR,13074,BARRANCO DE LOBA,- 0,- 0,51.33,53.00,82.00,29.00,63.00,31.00,68.00,22.00,16.00,- 0,- 0,- 0,- 0,- 0,- 0,- 0,- 0,0,- 0,45.02
13,BOLÍVAR,13160,CANTAGALLO,"1,063.40",446.00,511.00,229.00,333.00,127.00,485.00,909.00,727.00,312.00,255.00,198.00,57.00,125.00,44.86,398.45,600.51,728.93,645.48,811.66,"1,258.48",1145.27
13,BOLÍVAR,13268,EL PEÑÓN,- 0,- 0,- 0,2.12,- 0,- 0,- 0,- 0,- 0,- 0,- 0,- 0,- 0,- 0,- 0,- 0,- 0,- 0,- 0,0,- 0,- 0
13,BOLÍVAR,13458,MONTECRISTO,103.11,45.00,231.00,287.00,255.00,237.00,"1,239.00",734.00,679.00,709.00,535.00,234.00,163.00,279.00,214.14,522.10,510.89,716.53,635.21,576.61,688.02,616.18
13,BOLÍVAR,13473,MORALES,184.44,64.00,145.00,78.00,115.00,152.00,285.00,156.00,163.00,300.00,55.00,98.00,19.00,100.00,36.40,167.65,208.58,234.16,154.79,148.75,318.26,197.36
13,BOLÍVAR,13490,NOROSI,- 0,- 0,- 0,- 0,- 0,- 0,- 0,- 0,- 0,- 0,- 0,6.00,14.00,21.00,11.68,15.79,8.78,13.50,4.76,13.32,82.68,165.88
13,BOLÍVAR,13600,RIOVIEJO,194.49,166.00,288.00,242.00,323.00,178.00,357.00,230.00,276.00,163.00,66.00,15.00,9.00,23.00,11.54,8.22,15.08,2.12,18.40,66,100.22,143.58
13,BOLÍVAR,13655,SAN JACINTO DEL CAUCA,- 0,5.00,23.00,40.00,47.00,82.00,130.00,193.00,101.00,33.00,132.00,25.00,18.00,18.00,64.42,136.08,161.54,233.76,200.27,172.27,168.98,167.53
13,BOLÍVAR,13667,SAN MARTÍN DE LOBA,- 0,- 0,67.46,180.00,176.00,67.00,144.00,77.00,114.00,82.00,17.00,- 0,- 0,1.00,- 0,- 0,4.25,4.14,2.88,2.84,2.45,17.52
13,BOLÍVAR,13670,SAN PABLO,"1,189.72",614.00,"1,105.00",756.00,638.00,334.00,579.00,"1,529.00",742.00,376.00,384.00,544.00,225.00,258.00,229.54,"1,255.50","2,300.37","3,315.51","2,832.35",3218.26,"3,972.77",3470.98
13,BOLÍVAR,13688,SANTA ROSA DEL SUR,"1,907.35",996.00,"1,336.00",925.00,"1,152.00",810.00,958.00,"1,319.00","1,083.00",745.00,264.00,526.00,336.00,488.00,307.29,968.38,"1,437.10","2,009.22","1,912.62",2468.01,"2,515.23",2086.98
13,BOLÍVAR,13744,SIMITÍ,"1,382.20",321.00,410.00,388.00,188.00,174.00,581.00,374.00,319.00,132.00,131.00,166.00,54.00,92.00,69.65,508.10,781.04,"1,206.26","1,443.32",1652.33,"2,011.06",1760.31
13,BOLÍVAR,13810,TIQUISIO (Puerto Rico),61.54,7.00,72.00,69.00,150.00,107.00,513.00,135.00,242.00,270.00,274.00,106.00,13.00,98.00,39.16,86.20,117.04,134.51,87.66,201.93,286.71,413.38
15,BOYACÁ,15212,COPER,- 0,3.00,3.00,- 0,- 0,1.00,- 0,- 0,- 0,- 0,- 0,- 0,- 0,- 0,- 0,- 0,- 0,- 0,- 0,0,- 0,- 0
15,BOYACÁ,15223,CUBARÁ,47.30,6.00,8.04,- 0,- 0,- 0,- 0,8.00,4.00,7.00,- 0,- 0,- 0,1.00,- 0,- 0,- 0,- 0,- 0,0,- 0,- 0
15,BOYACÁ,15401,LA VICTORIA,- 0,- 0,- 0,- 0,- 0,- 0,- 0,- 0,1.00,- 0,- 0,- 0,- 0,- 0,- 0,- 0,- 0,- 0,- 0,0,- 0,- 0
15,BOYACÁ,15442,MARIPÍ,- 0,14.00,25.00,10.00,- 0,4.00,- 0,- 0,- 0,- 0,- 0,- 0,- 0,1.00,- 0,- 0,- 0,- 0,- 0,0,- 0,- 0
15,BOYACÁ,15480,MUZO,- 0,1.00,39.00,11.00,2.00,13.00,- 0,- 0,- 0,- 0,- 0,- 0,- 0,- 0,- 0,- 0,- 0,- 0,- 0,0,- 0,- 0
15,BOYACÁ,15507,OTANCHE,6.68,23.00,140.67,84.00,101.00,142.00,52.00,120.00,106.00,30.00,47.00,8.00,6.00,4.00,4.55,- 0,- 0,2.80,- 0,0,- 0,- 0
15,BOYACÁ,15531,PAUNA,1.00,10.00,22.00,10.00,14.00,54.00,- 0,- 0,- 0,- 0,- 0,- 0,3.00,3.00,- 0,- 0,- 0,- 0,- 0,0,- 0,- 0
15,BOYACÁ,15572,PUERTO BOYACÁ,28.51,43.00,309.00,215.00,206.00,197.00,22.00,65.00,56.00,68.00,38.00,2.00,8.00,5.00,3.16,14.99,21.99,13.68,4.24,6.35,17.95,47.29
15,BOYACÁ,15580,QUÍPAMA,- 0,3.00,27.00,15.00,10.00,6.00,- 0,- 0,6.00,- 0,1.00,- 0,- 0,- 0,- 0,- 0,- 0,- 0,- 0,0,- 0,- 0
15,BOYACÁ,15681,SAN PABLO DE BORBUR,- 0,15.00,18.99,13.00,9.00,20.00,5.00,4.00,10.00,- 0,8.00,- 0,- 0,- 0,- 0,- 0,- 0,- 0,- 0,0,- 0,- 0
15,BOYACÁ,15696,SANTA SOFÍA,- 0,- 0,1.26,- 0,- 0,- 0,- 0,- 0,- 0,- 0,- 0,- 0,- 0,- 0,- 0,- 0,- 0,- 0,- 0,0,- 0,- 0
15,BOYACÁ,15832,TUNUNGUÁ,- 0,- 0,- 0,1.08,- 0,4.00,- 0,- 0,- 0,- 0,- 0,- 0,- 0,- 0,- 0,- 0,- 0,- 0,- 0,0,- 0,- 0
17,CALDAS,17433,MANZANARES,- 0,- 0,0.81,- 0,- 0,- 0,- 0,- 0,- 0,- 0,- 0,- 0,- 0,- 0,- 0,- 0,- 0,- 0,- 0,0,- 0,- 0
17,CALDAS,17495,NORCASIA,- 0,- 0,43.00,313.00,46.00,51.00,28.00,39.00,38.00,8.00,9.00,8.00,- 0,- 0,- 0,- 0,- 0,- 0,- 0,0,- 0,- 0
17,CALDAS,17541,PENSILVANIA,- 0,- 0,- 0,1.11,7.46,14.00,7.00,12.00,2.00,7.00,7.00,- 0,- 0,- 0,- 0,- 0,- 0,- 0,- 0,0,- 0,- 0
17,CALDAS,17662,SAMANÁ,- 0,- 0,9.90,41.00,132.00,380.00,21.00,136.00,127.00,30.00,30.00,8.00,8.00,- 0,- 0,- 0,- 0,- 0,- 0,0,- 0,- 0
17,CALDAS,17867,VICTORIA,- 0,- 0,- 0,2.97,4.00,16.00,- 0,- 0,- 0,- 0,- 0,- 0,- 0,- 0,- 0,- 0,- 0,- 0,- 0,0,- 0,- 0
18,CAQUETÁ,18029,ALBANIA,180.00,125.00,122.00,698.00,149.00,106.00,61.00,10.00,12.00,7.00,7.00,2.00,7.00,18.00,32.50,53.64,63.28,61.92,30.07,37.21,58.23,94.09
18,CAQUETÁ,18094,BELÉN DE LOS ANDAQUÍES,40.00,64.00,135.00,112.00,157.00,132.00,30.00,185.00,63.00,79.00,193.00,89.00,85.00,92.00,132.03,147.20,201.43,303.88,110.22,0,13.27,120.5
18,CAQUETÁ,18150,CARTAGENA DEL CHAIRÁ,"5,930.52","3,989.00","1,990.00","1,203.00","1,836.00","1,674.00","1,916.00","1,374.00",781.00,603.00,409.00,456.00,703.00,"1,050.00",948.62,"1,187.95","1,369.17","1,006.74",416.26,251.71,304.36,433.88
18,CAQUETÁ,18205,CURILLO,754.10,581.00,202.00,252.00,253.00,265.00,283.00,44.00,114.00,125.00,69.00,188.00,208.00,259.00,459.51,368.15,471.31,342.83,227.55,110.42,257.19,344.65
18,CAQUETÁ,18247,EL DONCELLO,41.00,3.00,22.05,13.00,52.00,52.00,84.00,102.00,143.00,55.00,70.00,101.00,68.00,233.00,303.46,552.76,454.95,413.36,23.37,12.43,50.03,31.03
18,CAQUETÁ,18256,EL PAUJIL,149.00,3.00,12.35,30.00,29.00,32.00,88.00,39.00,66.00,31.00,112.00,99.00,114.00,240.00,267.63,415.85,951.65,704.08,147.38,54.38,157.00,208.28
18,CAQUETÁ,18001,FLORENCIA,- 0,24.00,69.00,90.00,6.00,4.00,19.00,14.00,10.00,9.00,105.00,31.00,25.00,31.00,52.84,98.39,218.40,267.99,58.18,12.34,41.84,25.87
18,CAQUETÁ,18460,MILÁN,525.88,172.00,321.00,348.00,255.00,414.00,532.00,174.00,217.00,181.00,290.00,251.00,359.00,530.00,695.74,"1,040.24","1,135.54","1,226.44",461.07,252.34,283.48,497.06
18,CAQUETÁ,18410,MONTAÑITA,568.63,201.00,535.00,188.00,316.00,292.00,637.00,315.00,267.00,239.00,409.00,649.00,816.00,"1,335.00","1,503.49","1,743.71","2,491.73","2,989.69",822.86,461.97,694.79,956.38
18,CAQUETÁ,18479,MORELIA,2.00,4.00,0.58,554.00,2.00,18.00,5.00,5.00,6.00,1.00,1.00,5.00,10.00,- 0,1.04,- 0,16.06,21.04,1.13,0,- 0,- 0
18,CAQUETÁ,18592,PUERTO RICO,118.00,246.00,384.00,279.00,91.00,143.00,191.00,458.00,429.00,148.00,316.00,219.00,207.00,354.00,415.94,545.83,"1,635.95","1,454.45",224.31,12.93,44.84,65.61
18,CAQUETÁ,18610,SAN JOSÉ DEL FRAGUA,653.83,655.00,425.00,209.00,311.00,245.00,353.00,92.00,119.00,145.00,304.00,552.00,488.00,611.00,"1,083.85","1,030.80","1,414.45","1,592.82","1,409.84",430.64,781.94,1202.03
18,CAQUETÁ,18753,SAN VICENTE DEL CAGUÁN,"1,193.14",606.00,407.00,603.00,231.00,332.00,380.00,373.00,545.00,215.00,78.00,77.00,164.00,412.00,406.84,403.29,380.85,264.01,71.30,104.61,84.61,92.44
18,CAQUETÁ,18756,SOLANO,"2,039.85","1,067.00","1,146.00",516.00,"1,015.00",808.00,"1,253.00",992.00,743.00,567.00,842.00,876.00,933.00,"1,269.00","1,285.05","1,577.25",763.80,825.37,447.44,281.16,713.34,1168.69
18,CAQUETÁ,18785,SOLITA,757.91,380.00,769.00,309.00,103.00,214.00,195.00,64.00,121.00,78.00,23.00,30.00,29.00,26.00,31.56,34.58,42.15,55.15,8.75,5.23,8.52,41.76
18,CAQUETÁ,18860,VALPARAÍSO,832.48,292.00,690.00,"1,094.00",182.00,236.00,291.00,62.00,123.00,95.00,99.00,69.00,106.00,82.00,92.37,143.47,182.53,231.95,51.73,27.57,175.16,331.7
19,CAUCA,19022,ALMAGUER,- 0,- 0,- 0,- 0,- 0,- 0,- 0,- 0,- 0,4.00,- 0,- 0,- 0,- 0,- 0,- 0,- 0,- 0,- 0,0,- 0,- 0
19,CAUCA,19050,ARGELIA,206.34,218.00,93.00,65.00,153.00,161.00,637.00,483.00,300.00,296.00,200.00,470.00,121.00,"1,328.00",959.73,"1,754.51","1,956.52","2,369.96","2,351.45",2549.58,"2,849.97",3085.97
19,CAUCA,19075,BALBOA,19.00,- 0,94.00,23.00,24.00,91.00,192.00,15.00,49.00,77.00,62.00,43.00,24.00,80.00,223.80,112.27,82.33,198.37,321.43,293.98,561.50,499.9
19,CAUCA,19100,BOLÍVAR,- 0,- 0,0.69,- 0,3.00,21.00,14.00,4.00,108.00,142.00,16.00,20.00,1.00,24.00,48.98,51.71,85.31,15.90,4.19,9.58,194.88,78.68
19,CAUCA,19110,BUENOS AIRES,- 0,- 0,- 0,- 0,- 0,- 0,- 0,10.00,5.00,- 0,- 0,- 0,- 0,16.00,27.00,2.20,64.54,125.74,442.79,507.22,930.43,794.28
19,CAUCA,19130,CAJIBÍO,30.48,- 0,- 0,- 0,4.00,- 0,- 0,- 0,2.00,- 0,- 0,7.00,- 0,15.00,68.95,132.45,407.19,323.07,355.09,235.23,325.62,364.41
19,CAUCA,19137,CALDONO,- 0,- 0,- 0,- 0,- 0,- 0,- 0,- 0,- 0,- 0,- 0,- 0,- 0,- 0,- 0,- 0,- 0,- 0,- 0,0,66.11,76.36
19,CAUCA,19142,CALOTO,- 0,- 0,- 0,- 0,- 0,- 0,- 0,- 0,- 0,- 0,- 0,- 0,- 0,- 0,16.10,26.26,- 0,1.60,18.45,9.97,8.06,7.58
19,CAUCA,19212,CORINTO,- 0,- 0,- 0,- 0,- 0,- 0,- 0,- 0,- 0,- 0,- 0,- 0,- 0,- 0,26.70,38.91,- 0,10.54,10.88,8.48,11.34,8.46
19,CAUCA,19256,EL TAMBO,"1,303.03",698.00,187.00,203.00,629.00,307.00,803.00,"1,240.00","1,284.00","1,560.00","1,514.00","1,876.00","1,297.00","2,522.00","3,468.18","5,300.28","6,661.01","7,242.99","7,102.46",7483.6,"8,737.35",9223.56
19,CAUCA,19290,FLORENCIA,- 0,- 0,- 0,- 0,- 0,8.00,- 0,- 0,12.00,29.00,- 0,- 0,- 0,- 0,- 0,- 0,- 0,- 0,- 0,0,- 0,- 0
19,CAUCA,19318,GUAPI,55.42,102.00,146.00,374.00,489.00,121.00,414.00,"1,434.00","1,368.00","1,022.00",984.00,396.00,182.00,191.00,256.88,525.78,720.88,678.57,634.89,594.68,"1,825.15",1558.85
19,CAUCA,19364,JAMBALÓ,- 0,- 0,- 0,- 0,- 0,- 0,- 0,- 0,- 0,- 0,- 0,- 0,- 0,- 0,- 0,- 0,- 0,- 0,68.96,39.14,60.52,35.86
19,CAUCA,19392,LA SIERRA,- 0,- 0,- 0,- 0,- 0,- 0,- 0,4.00,- 0,- 0,- 0,- 0,- 0,- 0,- 0,- 0,- 0,- 0,- 0,0,- 0,- 0
19,CAUCA,19397,LA VEGA,- 0,- 0,- 0,- 0,- 0,8.00,- 0,1.00,- 0,- 0,- 0,- 0,- 0,- 0,- 0,- 0,- 0,- 0,- 0,0,- 0,- 0
19,CAUCA,19418,LÓPEZ,57.97,97.00,15.00,59.00,63.00,79.00,273.00,476.00,921.00,791.00,"1,040.00",341.00,548.00,686.00,867.22,941.41,"1,467.97","1,319.76","1,308.33",1085.09,"1,774.56",1656.51
19,CAUCA,19450,MERCADERES,- 0,- 0,2.97,- 0,- 0,31.00,8.00,- 0,75.00,137.00,420.00,17.00,21.00,120.00,95.06,140.70,126.54,25.14,- 0,0,45.46,25.3
19,CAUCA,19455,MIRANDA,- 0,- 0,- 0,- 0,- 0,- 0,- 0,- 0,- 0,- 0,- 0,- 0,- 0,- 0,3.67,5.98,- 0,2.27,58.69,34.51,38.46,30.87
19,CAUCA,19473,MORALES,101.98,- 0,- 0,- 0,9.00,10.00,118.00,29.00,32.00,55.00,32.00,76.00,17.00,70.00,155.25,166.89,340.32,309.79,361.67,393.41,648.76,783.82
19,CAUCA,19532,PATÍA  (El Bordo),- 0,- 0,- 0,- 0,6.00,83.00,48.00,105.00,109.00,82.00,51.00,58.00,76.00,97.00,203.53,327.96,350.34,405.01,376.95,485.32,865.86,1110.25
19,CAUCA,19533,PIAMONTE,899.15,818.00,651.00,281.00,517.00,594.00,669.00,523.00,165.00,131.00,253.00,516.00,461.00,602.00,"1,166.89","1,458.49","1,780.44","1,997.22","1,905.07",867.1,"1,550.09",2771.18
19,CAUCA,19548,PIENDAMÓ,- 0,- 0,- 0,- 0,- 0,- 0,- 0,- 0,- 0,- 0,- 0,- 0,- 0,- 0,- 0,- 0,- 0,- 0,- 0,0,8.58,12.49
19,CAUCA,19622,ROSAS,- 0,- 0,- 0,- 0,- 0,- 0,- 0,- 0,- 0,- 0,- 0,- 0,- 0,- 0,- 0,- 0,2.78,3.89,- 0,0,10.92,12.82
19,CAUCA,19701,SANTA ROSA,- 0,3.00,0.36,- 0,229.00,135.00,- 0,16.00,12.00,- 0,- 0,- 0,- 0,- 0,- 0,- 0,- 0,- 0,54.85,0,- 0,68.66
19,CAUCA,19698,SANTANDER DE QUILICHAO,- 0,- 0,- 0,- 0,- 0,- 0,- 0,- 0,- 0,- 0,- 0,- 0,- 0,- 0,- 0,- 0,- 0,- 0,- 0,5.46,356.05,166.01
19,CAUCA,19760,SOTARÁ (Paispamba),24.00,- 0,- 0,- 0,- 0,- 0,- 0,- 0,- 0,- 0,- 0,- 0,- 0,- 0,- 0,- 0,- 0,- 0,- 0,0,- 0,- 0
19,CAUCA,19780,SUÁREZ,2.00,- 0,- 0,- 0,- 0,- 0,32.00,32.00,4.00,1.00,- 0,- 0,1.00,49.00,139.65,170.45,267.19,383.53,501.67,668.49,804.74,923.52
19,CAUCA,19785,SUCRE,- 0,- 0,- 0,- 0,- 0,- 0,- 0,- 0,- 0,- 0,- 0,- 0,5.00,17.00,15.57,18.67,13.50,6.80,4.00,8.49,46.19,28.21
19,CAUCA,19807,TIMBÍO,40.92,- 0,- 0,- 0,- 0,3.00,- 0,- 0,- 0,- 0,- 0,- 0,- 0,- 0,- 0,- 0,- 0,- 0,- 0,0,- 0,1.35
19,CAUCA,19809,TIMBIQUÍ,188.68,185.00,253.00,260.31,579.00,453.00,960.00,"1,050.00","1,698.00","1,581.00","1,494.00",507.00,572.00,572.00,907.47,"1,405.67","1,633.45","1,696.92","1,464.04",1263.01,"3,376.08",2896.79
19,CAUCA,19821,TORIBÍO,- 0,- 0,- 0,- 0,- 0,- 0,- 0,- 0,- 0,- 0,- 0,- 0,- 0,- 0,9.47,14.85,- 0,- 0,9.97,1.49,2.41,1.03
20,CESAR,20178,CHIRIGUANÁ,- 0,- 0,- 0,- 0,- 0,- 0,- 0,- 0,- 0,- 0,- 0,- 0,- 0,- 0,- 0,- 0,2.43,- 0,- 0,0,- 0,- 0
20,CESAR,20310,GONZÁLEZ,- 0,- 0,- 0,- 0,- 0,- 0,- 0,- 0,- 0,- 0,- 0,5.00,4.00,2.00,16.22,6.58,7.78,7.10,23.55,28.51,9.29,7.68
20,CESAR,20517,PAILITAS,- 0,- 0,- 0,- 0,- 0,- 0,- 0,5.00,- 0,- 0,- 0,- 0,- 0,- 0,- 0,- 0,- 0,- 0,- 0,0,- 0,- 0
20,CESAR,20710,SAN ALBERTO,- 0,- 0,- 0,- 0,- 0,- 0,- 0,- 0,- 0,- 0,- 0,4.00,6.00,5.00,15.47,17.25,10.72,13.79,6.28,1.97,- 0,- 0
20,CESAR,20770,SAN MARTÍN,- 0,- 0,- 0,- 0,- 0,- 0,- 0,- 0,- 0,- 0,- 0,3.00,3.00,3.00,1.58,2.57,3.42,10.21,8.33,1.74,1.32,- 0
27,CHOCÓ,27006,ACANDÍ,- 0,- 0,- 0,- 0,- 0,- 0,- 0,- 0,- 0,- 0,6.00,4.00,2.00,4.00,3.34,2.20,8.96,4.47,4.76,1.69,1.29,6.34
27,CHOCÓ,27025,ALTO BAUDÓ (Pie de Pató),- 0,- 0,45.00,12.00,104.00,7.00,259.00,391.00,159.00,489.00,196.00,268.00,105.00,135.00,47.87,57.97,39.17,21.62,38.75,34.09,115.75,173.93
27,CHOCÓ,27050,ATRATO (Yuto),- 0,- 0,- 0,- 0,- 0,- 0,- 0,- 0,4.00,- 0,- 0,8.00,2.00,- 0,- 0,- 0,- 0,- 0,- 0,0,- 0,1.78
27,CHOCÓ,27075,BAHÍA SOLANO (Mutis),- 0,- 0,- 0,- 0,- 0,- 0,- 0,- 0,- 0,7.00,- 0,- 0,- 0,- 0,- 0,- 0,- 0,- 0,- 0,0,- 0,- 0
27,CHOCÓ,27077,BAJO BAUDÓ  (Pizarro),- 0,- 0,177.00,78.00,332.00,82.00,353.00,"1,114.00",147.00,341.00,248.00,562.00,145.00,218.00,131.16,138.22,79.75,53.69,21.53,16.38,91.51,101.64
27,CHOCÓ,27099,BOJAYÁ (Bellavista),- 0,- 0,- 0,- 0,- 0,- 0,- 0,- 0,- 0,- 0,4.00,2.00,- 0,- 0,- 0,- 0,- 0,- 0,- 0,0,- 0,- 0
27,CHOCÓ,27150,CARMEN DEL DARIÉN  (Curbaradó),- 0,- 0,- 0,- 0,- 0,- 0,- 0,- 0,- 0,- 0,- 0,63.00,76.00,23.00,48.14,98.28,159.99,153.39,232.42,192.67,778.94,702.58
27,CHOCÓ,27205,CONDOTO,- 0,- 0,- 0,1.00,3.00,- 0,6.00,55.00,13.00,33.00,59.00,10.00,7.00,10.00,20.57,3.36,13.53,11.43,11.23,7.88,20.92,10.26
27,CHOCÓ,27135,EL CANTÓN DEL SAN PABLO,- 0,- 0,1.35,12.00,48.00,- 0,25.00,52.00,63.00,133.00,68.00,58.00,29.00,50.00,47.82,34.76,11.73,5.51,- 0,0,19.22,22.04
27,CHOCÓ,27250,EL LITORAL DEL SAN JUAN,- 0,- 0,- 0,1.26,1.98,3.00,11.00,102.00,24.00,60.00,36.00,144.00,67.00,120.00,37.98,98.35,184.52,138.36,59.41,50.94,63.54,81.93
27,CHOCÓ,27361,ISTMINA,- 0,- 0,57.00,36.00,196.00,210.00,205.00,425.00,497.00,847.00,684.00,760.00,369.00,517.00,303.11,476.71,743.05,577.36,228.85,200.15,462.79,311.83
27,CHOCÓ,27372,JURADÓ,- 0,- 0,- 0,- 0,- 0,- 0,- 0,- 0,- 0,13.00,18.00,9.00,9.00,- 0,- 0,- 0,- 0,- 0,- 0,0,- 0,- 0
27,CHOCÓ,27413,LLORÓ,- 0,- 0,- 0,- 0,- 0,- 0,- 0,- 0,- 0,10.00,- 0,4.00,- 0,- 0,- 0,- 0,1.37,- 0,- 0,4.16,13.54,7.96
27,CHOCÓ,27425,MEDIO ATRATO (Beté),- 0,- 0,- 0,- 0,- 0,- 0,- 0,- 0,- 0,4.00,3.00,4.00,- 0,- 0,- 0,- 0,- 0,- 0,- 0,0,- 0,- 0
27,CHOCÓ,27430,MEDIO BAUDÓ (Boca de Pepé),- 0,- 0,4.23,11.00,68.00,24.00,77.00,228.00,254.00,333.00,352.00,606.00,177.00,231.00,134.81,68.85,64.52,43.42,36.61,39.79,161.45,170.15
27,CHOCÓ,27450,MEDIO SAN JUAN (Andagoya),- 0,- 0,- 0,- 0,- 0,- 0,- 0,- 0,- 0,- 0,- 0,305.00,192.00,153.00,304.90,136.34,305.05,224.96,81.23,82.53,249.03,218.32
27,CHOCÓ,27491,NÓVITA,- 0,- 0,93.00,30.00,90.00,237.00,76.00,215.00,190.00,249.00,464.00,165.00,91.00,53.00,78.94,75.26,162.33,130.29,69.32,61.85,143.69,133.92
27,CHOCÓ,27495,NUQUÍ,- 0,- 0,- 0,2.00,5.00,2.00,8.00,23.00,19.00,13.00,12.00,33.00,3.00,6.00,- 0,- 0,- 0,- 0,- 0,0,- 0,- 0
27,CHOCÓ,27001,QUIBDÓ,- 0,- 0,- 0,- 0,2.97,3.00,3.00,7.00,42.00,26.00,14.00,25.00,11.00,2.00,5.76,3.75,7.16,3.52,5.07,12.59,26.06,27.05
27,CHOCÓ,27580,RÍO IRÓ (Santa Rita),- 0,- 0,- 0,- 0,- 0,- 0,- 0,- 0,- 0,- 0,- 0,12.00,12.00,13.00,14.05,7.90,27.68,16.33,6.48,9.86,26.31,16.46
27,CHOCÓ,27600,RÍO QUITO (Paimadó),- 0,- 0,- 0,9.00,21.00,- 0,22.00,9.00,- 0,30.00,16.00,16.00,3.00,3.00,2.59,- 0,- 0,- 0,- 0,0,10.51,3.43
27,CHOCÓ,27615,RIOSUCIO,354.00,- 0,- 0,- 0,- 0,- 0,- 0,- 0,75.00,243.00,86.00,196.00,130.00,40.00,90.70,35.75,113.87,104.01,148.83,155.65,"1,036.14",1055.78
27,CHOCÓ,27660,SAN JOSÉ DEL PALMAR,- 0,- 0,- 0,- 0,- 0,- 0,7.00,94.00,57.00,107.00,104.00,43.00,92.00,47.00,44.43,323.42,392.52,391.55,180.85,253.79,"1,040.35",1614.01
27,CHOCÓ,27745,SIPÍ,- 0,- 0,76.00,127.00,150.00,248.00,28.00,74.00,122.00,191.00,130.00,125.00,106.00,99.00,91.25,217.90,258.00,246.96,110.08,168.38,382.06,470.09
27,CHOCÓ,27787,TADÓ,- 0,- 0,- 0,2.00,1.53,- 0,- 0,5.00,- 0,- 0,4.00,3.00,2.00,3.00,5.51,3.16,2.71,- 0,- 0,0,- 0,- 0
27,CHOCÓ,27800,UNGUÍA,- 0,- 0,- 0,- 0,- 0,- 0,- 0,- 0,- 0,29.00,6.00,4.00,31.00,14.00,75.87,20.66,34.68,28.26,12.67,175.24,417.48,425.3
27,CHOCÓ,27810,UNIÓN PANAMERICANA (Ánimas),- 0,- 0,- 0,2.07,1.41,- 0,- 0,- 0,- 0,- 0,1.00,- 0,- 0,- 0,- 0,- 0,- 0,- 0,- 0,0,- 0,- 0
23,CÓRDOBA,23350,LA APARTADA,6.56,- 0,- 0,- 0,- 0,- 0,- 0,- 0,- 0,- 0,- 0,- 0,- 0,- 0,- 0,- 0,- 0,- 0,- 0,0,- 0,- 0
23,CÓRDOBA,23466,MONTELÍBANO,40.55,66.00,232.66,428.00,"1,021.00",376.00,360.00,621.00,681.00,835.00,240.00,224.00,43.00,77.00,186.65,573.86,"1,181.13",974.04,540.63,762.04,"1,143.27",1054.73
23,CÓRDOBA,23580,PUERTO LIBERTADOR,270.78,141.00,193.00,339.00,978.00,447.00,"1,084.00",464.00,728.00,579.00,243.00,214.00,36.00,64.00,207.45,570.62,"1,412.22","1,013.93",855.85,1148.96,"1,374.26",1318.84
23,CÓRDOBA,23682,SAN JOSÉ DE URÉ,- 0,- 0,- 0,- 0,- 0,- 0,- 0,- 0,- 0,- 0,- 0,99.00,13.00,42.00,97.97,231.94,552.70,441.70,340.85,514.16,575.76,520.37
23,CÓRDOBA,23807,TIERRALTA,322.01,178.00,399.00,669.00,"1,124.00",389.00,414.00,624.00,"1,360.00","2,474.00",604.00,509.00,341.00,376.00,858.62,"1,290.07","1,629.68","2,201.26","1,140.24",1319.84,"2,379.48",3451.51
23,CÓRDOBA,23855,VALENCIA,- 0,- 0,13.04,99.00,13.00,4.00,- 0,1.00,12.00,1.00,1.00,- 0,6.00,1.00,12.31,1.80,4.71,5.48,4.29,3.82,7.65,18.34
25,CUNDINAMARCA,25148,CAPARRAPÍ,- 0,- 0,- 0,- 0,- 0,3.00,4.00,- 0,- 0,1.00,1.00,- 0,- 0,- 0,- 0,- 0,- 0,- 0,- 0,0,- 0,- 0
25,CUNDINAMARCA,25518,PAIME,- 0,- 0,12.00,4.00,- 0,2.00,2.00,- 0,- 0,- 0,- 0,- 0,- 0,- 0,- 0,- 0,- 0,- 0,- 0,0,- 0,- 0
25,CUNDINAMARCA,25823,TOPAIPÍ,- 0,- 0,5.94,8.00,- 0,2.00,1.00,- 0,- 0,- 0,- 0,- 0,- 0,- 0,- 0,- 0,- 0,- 0,- 0,0,- 0,- 0
25,CUNDINAMARCA,25885,YACOPÍ,1.62,57.00,39.00,60.00,56.00,113.00,124.00,12.00,- 0,31.00,17.00,- 0,- 0,- 0,- 0,- 0,- 0,- 0,- 0,0,- 0,- 0
94,GUAINÍA,94343,BARRANCO MINA (Cor. Departamental),363.81,232.00,405.00,342.00,396.00,362.00,308.00,155.00,275.00,122.00,89.00,67.00,30.00,11.00,4.34,2.28,- 0,- 0,- 0,0,- 0,- 0
94,GUAINÍA,94001,INIRIDA,276.00,247.00,137.00,134.00,182.00,186.00,150.00,187.00,114.00,147.00,135.00,105.00,27.00,19.00,- 0,- 0,- 0,- 0,- 0,0,- 0,- 0
94,GUAINÍA,94663,MAPIRIPANA (Cor. Departamental),- 0,- 0,- 0,- 0,- 0,- 0,- 0,- 0,- 0,- 0,- 0,50.00,19.00,28.00,16.71,3.46,3.72,- 0,- 0,0,- 0,- 0
94,GUAINÍA,94888,MORICHAL (Morichal Nuevo) (Cor. Departamental),221.00,114.00,162.00,185.00,117.00,164.00,102.00,117.00,77.00,93.00,66.00,62.00,4.00,3.00,15.68,15.87,26.82,41.22,22.27,19.15,48.69,36.92
94,GUAINÍA,94887,PANÁ PANÁ (Campo Alegre) (Cor. Departamental),68.00,38.00,7.00,43.00,38.00,27.00,28.00,40.00,30.00,29.00,28.00,12.00,1.00,2.00,- 0,- 0,- 0,- 0,- 0,0,- 0,- 0
94,GUAINÍA,94884,PUERTO COLOMBIA (Cor. Departamental),191.00,117.00,15.00,17.28,19.00,14.00,35.00,126.00,42.00,55.00,- 0,5.00,- 0,3.00,- 0,- 0,- 0,- 0,- 0,0,- 0,- 0
95,GUAVIARE,95015,CALAMAR,"4,966.03","4,297.00","2,172.00","1,186.00","1,175.00","1,497.00","1,147.00",808.00,721.00,546.00,862.00,458.00,399.00,614.00,455.19,542.29,416.39,241.84,144.52,189.29,202.59,190.3
95,GUAVIARE,95025,EL RETORNO,"4,230.99","4,458.00","5,070.00","3,183.00","2,648.00","2,799.00","3,272.00","2,415.00","2,371.00","1,732.00","1,701.00","1,028.00","1,314.00","1,600.00","1,615.35","2,191.55","1,405.66","1,545.09","1,194.71",1265.32,"1,648.79",2191.86
95,GUAVIARE,95200,MIRAFLORES,"11,777.05","14,606.00","2,248.00","1,646.00","1,704.00","1,382.00","1,699.00","1,263.00","2,325.00","1,719.00","2,590.00","1,391.00","1,780.00","1,922.00","1,851.54","2,297.16","1,699.29","1,378.40","1,021.83",1060.44,"1,297.25",1115.97
95,GUAVIARE,95001,SAN JOSÉ DEL GUAVIARE,"3,089.50","4,019.00","6,673.00","3,755.00","3,131.00","3,799.00","3,181.00","2,143.00","2,907.00","1,704.00","1,686.00",973.00,"1,232.00","1,522.00","1,501.04","1,806.99","1,401.33","1,174.63",757.79,711.6,"1,286.59",1436.58
44,LA GUAJIRA,44090,DIBULLA,193.71,349.00,275.31,556.00,327.00,166.00,87.00,160.00,163.00,132.00,16.00,10.00,6.00,- 0,- 0,- 0,1.69,1.61,- 0,0,- 0,- 0
44,LA GUAJIRA,44001,RIOHACHA,- 0,5.00,0.21,- 0,2.00,- 0,- 0,- 0,- 0,2.00,- 0,- 0,- 0,- 0,- 0,- 0,- 0,- 0,- 0,0,- 0,- 0
47,MAGDALENA,47053,ARACATACA,- 0,- 0,- 0,- 0,- 0,- 0,- 0,- 0,22.00,36.00,13.00,6.00,1.00,1.00,2.09,- 0,- 0,- 0,- 0,0,- 0,- 0
47,MAGDALENA,47189,CIÉNAGA,11.67,1.00,45.13,6.00,- 0,13.00,1.00,23.00,4.00,20.00,3.00,3.00,- 0,- 0,- 0,- 0,- 0,- 0,- 0,0,- 0,- 0
47,MAGDALENA,47288,FUNDACIÓN,- 0,- 0,- 0,- 0,- 0,- 0,- 0,- 0,15.00,- 0,- 0,- 0,1.00,- 0,- 0,- 0,- 0,- 0,- 0,0,- 0,- 0
47,MAGDALENA,47001,SANTA MARTA (Distrito Turístico Cultural e Histórico),438.58,643.00,439.00,700.00,213.00,258.00,277.00,368.00,111.00,65.00,30.00,28.00,35.00,8.00,4.72,34.93,7.88,12.45,6.88,2.07,2.49,3
50,META,50350,LA MACARENA,"4,203.06","2,084.00","1,033.00","1,422.00",660.00,574.00,565.00,218.00,189.00,186.00,151.00,228.00,307.00,"1,431.00","1,333.11","1,635.22","1,647.55",560.18,177.89,53.85,73.80,77
50,META,50400,LEJANÍAS,- 0,- 0,- 0,- 0,- 0,- 0,- 0,- 0,- 0,- 0,- 0,- 0,- 0,3.00,- 0,- 0,- 0,- 0,- 0,0,- 0,- 0
50,META,50325,MAPIRIPÁN,"1,805.41","2,141.00","5,368.00","2,657.00","2,658.00","3,311.00","2,230.00","2,180.00","2,123.00","1,144.00","1,109.00",144.00,437.00,180.00,235.28,338.43,315.66,231.86,134.80,130.45,284.57,445.79
50,META,50330,MESETAS,533.66,619.00,533.00,262.00,143.00,67.00,56.00,62.00,19.00,7.00,- 0,29.00,37.00,79.00,78.50,104.19,86.72,45.15,- 0,0,- 0,- 0
50,META,50450,PUERTO CONCORDIA,147.16,299.00,769.00,943.00,363.00,439.00,182.00,75.00,82.00,76.00,91.00,70.00,49.00,82.00,50.25,63.87,77.84,35.02,18.99,14.02,14.21,30.87
50,META,50568,PUERTO GAITÁN,111.41,147.00,641.00,"1,518.00",168.00,214.00,231.00,386.00,212.00,181.00,122.00,86.00,7.00,3.00,- 0,- 0,- 0,- 0,- 0,0,- 0,- 0
50,META,50577,PUERTO LLERAS,45.78,102.00,171.00,"1,261.00","1,511.00",578.00,494.00,134.00,30.00,13.00,20.00,31.00,14.00,8.00,13.35,27.39,24.15,9.32,- 0,0,- 0,- 0
50,META,50573,PUERTO LÓPEZ,- 0,- 0,0.27,- 0,- 0,- 0,- 0,- 0,- 0,- 0,- 0,- 0,- 0,- 0,- 0,- 0,- 0,- 0,- 0,0,- 0,- 0
50,META,50590,PUERTO RICO,"1,701.20","2,426.00","2,437.00","6,393.00","7,040.00","3,519.00","2,658.00",938.00,860.00,757.00,883.00,"1,064.00","1,101.00","1,616.00","1,619.74","1,592.76","1,773.19","1,081.90",616.78,578.94,745.97,748.34
50,META,50683,SAN JUAN DE ARAMA,35.26,17.00,17.02,18.00,49.00,17.00,116.00,39.00,27.00,87.00,48.00,29.00,91.00,121.00,155.83,48.40,70.28,46.09,24.30,19.49,15.70,17.69
50,META,50689,SAN MARTÍN,- 0,3.00,7.10,161.00,8.00,23.00,1.00,- 0,- 0,- 0,19.00,- 0,- 0,- 0,- 0,- 0,- 0,- 0,- 0,0,- 0,- 0
50,META,50370,URIBE,880.21,452.00,481.00,632.00,264.00,32.00,61.00,6.00,8.00,36.00,72.00,110.00,49.00,182.00,162.77,202.29,108.77,78.44,4.62,10.84,- 0,- 0
50,META,50711,VISTAHERMOSA,"1,283.23",929.00,"1,357.00","3,473.00","4,441.00","2,289.00","3,792.00","1,487.00",745.00,521.00,524.00,908.00,806.00,"1,337.00","1,353.19","1,451.32","1,473.05",856.63,488.19,427.27,505.57,513.93
52,NARIÑO,52036,ANCUYA,- 0,- 0,- 0,- 0,43.00,- 0,17.00,2.00,3.00,- 0,- 0,- 0,- 0,3.00,21.00,24.25,45.60,24.63,16.31,14.89,56.07,57.73
52,NARIÑO,52079,BARBACOAS,713.70,"2,187.00","2,767.00","1,469.00","1,920.00","1,460.00","1,586.00","3,080.00","2,928.00","3,433.00","3,193.00","1,815.00","1,511.00","1,330.00","2,453.49","3,359.37","4,590.50","3,516.29","3,138.09",2569.39,"3,463.17",3773.06
52,NARIÑO,52110,BUESACO,- 0,- 0,- 0,- 0,- 0,- 0,- 0,- 0,- 0,- 0,- 0,4.00,- 0,- 0,- 0,- 0,- 0,- 0,- 0,0,- 0,- 0
52,NARIÑO,52207,CONSACÁ,- 0,- 0,- 0,- 0,5.00,- 0,- 0,- 0,- 0,- 0,- 0,- 0,- 0,- 0,- 0,- 0,- 0,- 0,- 0,0,- 0,- 0
52,NARIÑO,52210,CONTADERO,2.00,- 0,- 0,- 0,- 0,- 0,- 0,- 0,- 0,- 0,- 0,- 0,- 0,- 0,- 0,- 0,- 0,- 0,- 0,0,- 0,- 0
52,NARIÑO,52215,CÓRDOBA,1.00,- 0,- 0,- 0,- 0,- 0,- 0,- 0,- 0,- 0,- 0,- 0,- 0,- 0,- 0,- 0,- 0,- 0,- 0,0,- 0,- 0
52,NARIÑO,52227,CUMBAL,- 0,- 0,- 0,- 0,- 0,2.00,- 0,- 0,- 0,- 0,- 0,- 0,- 0,- 0,- 0,- 0,- 0,- 0,- 0,0,- 0,- 0
52,NARIÑO,52233,CUMBITARA,3.00,140.00,301.00,127.20,329.00,483.00,452.00,250.00,451.00,221.00,194.00,97.00,115.00,107.00,209.49,527.30,666.80,778.23,684.38,504.04,"1,387.76",1211.68
52,NARIÑO,52250,EL CHARCO,984.49,798.00,699.00,649.00,741.00,741.00,"1,728.00","2,202.00","1,130.00",748.00,"1,080.00",702.00,"1,020.00","1,263.00","1,417.79","2,819.91","4,630.67","5,147.73","5,318.32",4674.02,"8,952.35",8694.67
52,NARIÑO,52254,EL PEÑOL,- 0,- 0,- 0,- 0,- 0,- 0,91.00,- 0,19.00,86.00,- 0,- 0,1.00,23.00,34.90,51.17,97.31,55.80,50.42,36.62,79.38,72.56
52,NARIÑO,52256,EL ROSARIO,28.23,102.00,230.00,221.00,508.00,372.00,434.00,273.00,290.00,253.00,203.00,169.00,127.00,133.00,244.55,573.94,765.36,842.49,782.20,659.08,"1,576.82",1463.36
52,NARIÑO,52260,EL TAMBO,- 0,- 0,- 0,- 0,7.00,- 0,13.00,2.00,4.00,65.00,- 0,- 0,1.00,20.00,114.28,97.62,176.28,98.48,60.07,47.69,115.58,98.87
52,NARIÑO,52520,FRANCISCO PIZARRO (Salahonda),37.42,45.00,16.00,107.00,153.00,192.00,501.00,407.00,189.00,189.00,207.00,59.00,61.00,66.00,91.80,157.38,258.10,304.75,347.51,316.37,501.53,537.65
52,NARIÑO,52356,IPIALES,"1,130.45",350.00,212.00,520.00,629.00,357.00,123.00,215.00,192.00,139.00,247.00,162.00,370.00,664.00,887.49,"1,132.06","1,273.67",928.49,"1,204.24",967.25,"1,282.11",1815.79
52,NARIÑO,52381,LA FLORIDA,- 0,- 0,- 0,- 0,- 0,- 0,- 0,- 0,- 0,- 0,- 0,- 0,- 0,3.00,30.06,51.43,83.95,39.87,22.73,14.3,40.87,55.72
52,NARIÑO,52385,LA LLANADA,- 0,12.00,5.88,- 0,1.00,4.00,- 0,7.00,35.00,24.00,3.00,5.00,3.00,28.00,53.35,83.82,146.45,142.47,103.92,86.54,142.44,139.41
52,NARIÑO,52390,LA TOLA,15.00,29.00,1.89,94.00,27.00,75.00,184.00,164.00,465.00,139.00,63.00,31.00,41.00,78.00,120.36,119.83,292.30,280.36,279.54,263.19,661.19,527.11
52,NARIÑO,52405,LEIVA,10.00,- 0,41.00,40.00,58.00,- 0,185.00,66.00,24.00,36.00,35.00,7.00,2.00,11.00,39.73,212.79,279.18,290.17,272.01,273.54,642.48,580.08
52,NARIÑO,52411,LINARES,- 0,- 0,- 0,- 0,43.00,- 0,22.00,5.00,11.00,96.00,15.00,100.00,52.00,122.00,262.52,284.66,558.06,504.71,419.55,368.25,568.55,544.84
52,NARIÑO,52418,LOS ANDES (Sotomayor),- 0,- 0,- 0,- 0,- 0,1.00,81.00,2.00,18.00,103.00,33.00,26.00,55.00,93.00,166.25,177.57,364.39,294.95,261.89,202.48,446.07,386.42
52,NARIÑO,52427,MAGÜÍ (Payán),"1,693.61","2,398.00","3,532.00","2,175.00","2,139.00","1,002.00","2,593.00","2,240.00","1,323.00","1,207.00","1,563.00",494.00,478.00,586.00,861.96,"1,273.22","1,716.95","2,023.63","2,148.19",2123.03,"3,363.19",3747.99
52,NARIÑO,52435,MALLAMA (Piedrancha),- 0,- 0,0.07,- 0,- 0,- 0,1.00,3.00,- 0,- 0,- 0,- 0,- 0,- 0,- 0,- 0,1.16,18.12,16.32,13.21,20.81,18.01
52,NARIÑO,52473,MOSQUERA,33.97,119.00,55.00,289.00,38.00,34.00,188.00,140.00,129.00,84.00,222.00,76.00,115.00,118.00,159.05,239.90,218.44,227.25,199.71,249.87,474.07,376.23
52,NARIÑO,52490,OLAYA HERRERA (Bocas de Satinga),14.00,690.00,506.00,575.00,517.00,870.00,"1,972.00","1,286.00","1,452.00",612.00,"1,104.00",712.00,719.00,"1,445.00","2,173.01","2,572.72","3,355.53","3,504.58","3,561.90",2898.08,"6,040.57",4994.15
52,NARIÑO,52540,POLICARPA,15.00,29.00,215.00,236.00,212.00,545.00,773.00,221.00,389.00,235.00,202.00,165.00,301.00,199.00,326.09,733.27,960.41,936.40,794.31,646.18,"1,471.86",1291.86
52,NARIÑO,52573,PUERRES,1.00,1.00,- 0,- 0,- 0,- 0,- 0,- 0,- 0,- 0,- 0,- 0,- 0,- 0,- 0,- 0,- 0,- 0,- 0,0,- 0,- 0
52,NARIÑO,52612,RICAURTE,8.00,23.00,15.92,93.00,1.00,52.00,53.00,6.00,67.00,75.00,68.00,61.00,106.00,93.00,125.81,333.00,784.16,808.56,640.93,565.27,839.10,810.06
52,NARIÑO,52621,ROBERTO PAYÁN (San José),"1,048.21","2,361.00","3,509.00","2,409.00","2,265.00","1,011.00","2,896.00","2,336.00","1,539.00","1,585.00","2,058.00",460.00,858.00,"1,147.00","1,938.22","2,404.27","2,733.71","2,852.94","2,990.16",2940.45,"3,059.39",4869.69
52,NARIÑO,52678,SAMANIEGO,- 0,5.00,8.94,- 0,7.00,46.00,24.00,120.00,281.00,531.00,551.00,226.00,336.00,402.00,742.71,"1,394.60",869.33,856.85,701.62,576.36,773.87,676.78
52,NARIÑO,52693,SAN PABLO,- 0,- 0,3.91,- 0,- 0,1.00,- 0,- 0,- 0,- 0,- 0,- 0,- 0,- 0,- 0,- 0,- 0,- 0,- 0,0,- 0,- 0
52,NARIÑO,52683,SANDONÁ,- 0,- 0,- 0,- 0,15.00,11.00,- 0,- 0,- 0,- 0,- 0,- 0,- 0,1.00,4.64,8.28,16.13,8.82,7.00,7.34,22.59,33.95
52,NARIÑO,52696,SANTA BÁRBARA (Iscuandé),232.70,258.00,274.00,345.00,213.00,"1,303.00",700.00,706.00,802.00,615.00,587.00,294.00,279.00,368.00,283.68,785.28,530.17,560.34,486.34,426.76,"1,595.08",1571.38
52,NARIÑO,52699,SANTA CRUZ (Guachavés),- 0,- 0,- 0,- 0,- 0,- 0,- 0,14.00,4.00,11.00,10.00,3.00,14.00,19.00,33.02,61.79,803.08,809.55,626.34,474.26,829.93,677.54
52,NARIÑO,52835,TUMACO,"1,421.36","5,585.00","5,234.00","4,806.00","4,004.00","7,045.00","5,642.00","5,865.00","4,682.00","5,464.00","5,593.00","5,065.00","6,612.00","8,963.00","16,960.24","23,147.95","19,516.93","16,046.85","11,830.26",8832.92,"18,109.11",20719.9
54,NORTE DE SANTANDER,54003,ÁBREGO,- 0,- 0,- 0,7.00,- 0,- 0,- 0,- 0,8.00,- 0,15.00,20.00,13.00,17.00,22.12,24.03,65.45,73.29,84.43,114.46,88.82,87.41
54,NORTE DE SANTANDER,54109,BUCARASICA,- 0,- 0,20.00,- 0,- 0,3.00,2.00,3.00,- 0,- 0,6.00,5.00,3.00,3.00,- 0,- 0,3.82,10.64,18.48,41.24,4.87,15.86
54,NORTE DE SANTANDER,54128,CÁCHIRA,- 0,- 0,- 0,- 0,- 0,- 0,2.00,71.00,51.00,37.00,164.00,38.00,16.00,15.00,10.32,15.42,- 0,- 0,- 0,0,- 0,- 0
54,NORTE DE SANTANDER,54206,CONVENCIÓN,13.41,33.00,39.00,181.00,15.00,15.00,41.00,54.00,225.00,68.00,180.00,356.00,999.00,553.00,855.88,890.62,"1,315.66","1,686.74","2,018.00",2307.93,"2,004.46",1914.61
54,NORTE DE SANTANDER,54001,CÚCUTA,34.05,47.00,43.08,17.00,- 0,- 0,- 0,1.00,38.00,10.00,32.00,38.00,61.00,33.00,55.96,280.97,323.11,316.89,368.82,373.01,478.86,426.76
54,NORTE DE SANTANDER,54245,EL CARMEN,4.39,24.00,102.00,212.00,- 0,5.00,58.00,285.00,215.00,86.00,212.00,222.00,871.00,436.00,568.84,664.27,758.44,702.19,"1,156.82",1181.89,887.60,817.8
54,NORTE DE SANTANDER,54250,EL TARRA,589.64,524.00,544.00,783.00,219.00,104.00,764.00,480.00,314.00,217.00,410.00,566.00,662.00,809.00,"2,074.54","3,682.70","4,300.60","4,916.63","5,724.83",5916.4,"6,248.08",6390.46
54,NORTE DE SANTANDER,54261,EL ZULIA,13.37,36.00,26.11,22.00,- 0,- 0,- 0,17.00,10.00,2.00,41.00,18.00,25.00,13.00,14.07,94.10,134.14,152.03,167.66,160.87,220.16,199.19
54,NORTE DE SANTANDER,54344,HACARÍ,21.71,9.00,14.74,74.00,30.00,15.00,- 0,- 0,- 0,1.00,48.00,59.00,51.00,103.00,152.46,214.94,386.77,402.71,583.99,572.5,531.94,580.87
54,NORTE DE SANTANDER,54385,LA ESPERANZA,- 0,1.00,- 0,- 0,- 0,- 0,64.00,121.00,73.00,61.00,92.00,45.00,30.00,7.00,8.84,11.91,2.02,2.40,5.13,4.86,4.72,- 0
54,NORTE DE SANTANDER,54398,LA PLAYA,- 0,- 0,- 0,- 0,- 0,- 0,- 0,- 0,1.00,- 0,26.00,4.00,- 0,15.00,5.41,6.13,25.59,26.83,42.37,32.71,25.99,26.78
54,NORTE DE SANTANDER,54418,LOURDES,- 0,- 0,4.99,- 0,- 0,3.00,- 0,- 0,- 0,- 0,3.00,1.00,- 0,- 0,- 0,- 0,- 0,- 0,- 0,0,- 0,- 0
54,NORTE DE SANTANDER,54498,OCAÑA,- 0,- 0,- 0,- 0,- 0,- 0,- 0,- 0,- 0,- 0,- 0,- 0,1.00,4.00,6.97,9.04,10.62,42.12,47.73,17.57,24.24,16.48
54,NORTE DE SANTANDER,54670,SAN CALIXTO,19.56,9.00,13.26,136.00,25.00,13.00,34.00,62.00,42.00,- 0,66.00,134.00,208.00,181.00,736.53,445.04,640.32,765.34,"1,130.19",1206.77,965.93,959.31
54,NORTE DE SANTANDER,54720,SARDINATA,586.05,793.00,864.00,158.00,47.00,26.00,93.00,463.00,245.00,193.00,"1,125.00",723.00,837.00,"1,078.00",865.94,"3,847.36","4,112.41","5,487.34","6,515.98",4602.98,"5,135.03",4727.37
54,NORTE DE SANTANDER,54800,TEORAMA,679.19,217.00,393.00,200.00,84.00,42.00,186.00,296.00,509.00,271.00,298.00,628.00,663.00,680.00,"1,770.15","1,856.70","2,479.63","2,915.98","3,953.83",4216.63,"3,714.85",3790.4
54,NORTE DE SANTANDER,54810,TIBÚ,"9,677.49","6,340.00","2,398.00","1,266.00",424.00,262.00,702.00,"1,033.00",982.00,943.00,772.00,"1,658.00","1,905.00","2,997.00","4,379.08","12,787.38","13,685.69","16,096.74","19,892.71",19333.88,"22,229.60",22081.53
54,NORTE DE SANTANDER,54820,TOLEDO,80.11,9.00,8.92,- 0,- 0,- 0,- 0,- 0,- 0,- 0,- 0,- 0,- 0,- 0,- 0,- 0,- 0,- 0,- 0,0,- 0,- 0
86,PUTUMAYO,86001,MOCOA,112.00,122.00,91.00,27.04,69.00,145.00,142.00,97.00,37.00,15.00,48.00,107.00,49.00,105.00,106.88,111.20,76.23,70.14,77.08,18.22,44.97,91.63
86,PUTUMAYO,86320,ORITO,"7,629.19","1,442.00",352.00,516.00,523.00,"1,153.00","1,740.00","1,269.00",583.00,556.00,"1,086.00",428.00,784.00,"1,639.00","2,189.80","2,987.87","3,969.91","3,949.26","3,073.30",2212.62,"4,421.85",8085.63
86,PUTUMAYO,86568,PUERTO ASÍS,"8,679.57","2,898.00","1,527.00",543.00,"1,414.00","2,509.00","4,531.00","2,627.00","1,225.00","1,551.00","2,735.00","1,463.00","2,150.00","4,437.00","6,052.03","7,453.44","9,664.60","7,657.88","6,809.74",5701.55,"7,469.92",11504
86,PUTUMAYO,86569,PUERTO CAICEDO,"2,340.00",709.00,210.00,141.00,330.00,547.00,929.00,449.00,326.00,281.00,854.00,526.00,682.00,"1,046.00","1,481.21","1,782.14","2,998.37","2,905.02","2,616.56",1929.34,"2,727.81",4658.12
86,PUTUMAYO,86571,PUERTO GUZMÁN,"4,184.77","2,494.00","2,297.00","1,050.00","1,928.00","2,118.00","1,827.00","1,077.00",794.00,623.00,"1,413.00",656.00,624.00,915.00,"1,298.66","1,584.84","2,029.90","2,014.05","1,749.87",1063.81,"1,457.47",2724.4
86,PUTUMAYO,86573,PUERTO LEGUÍZAMO,"3,831.27","3,187.00","1,454.00","1,275.00","2,546.00","2,562.00","1,530.00","1,653.00","1,150.00","1,044.00","1,696.00","1,218.00","1,077.00","1,276.00","1,804.80","1,992.38","1,403.95","1,104.11","1,651.81",1390.14,"1,924.43",4285.46
86,PUTUMAYO,86757,SAN MIGUEL (La Dorada),"4,041.29",903.00,600.00,194.40,661.00,756.00,867.00,481.00,263.00,136.00,499.00,416.00,659.00,"1,094.00","2,338.17","3,128.40","3,553.66","3,329.07","3,752.43",3603.69,"4,106.15",6439.95
86,PUTUMAYO,86760,SANTIAGO,11.00,8.00,- 0,- 0,3.00,6.00,- 0,8.00,3.00,3.00,- 0,2.00,4.00,6.00,4.64,5.28,- 0,- 0,- 0,0,- 0,- 0
86,PUTUMAYO,86865,VALLE DEL GUAMUEZ (La Hormiga),"9,269.25","1,553.00",850.00,471.00,"1,033.00","1,896.00","2,334.00","1,319.00",583.00,335.00,"1,010.00",644.00,"1,093.00","2,050.00","3,660.05","4,885.79","4,132.44","3,362.77","3,539.45",3353.95,"4,694.37",7958.61
86,PUTUMAYO,86885,VILLAGARZÓN,952.06,410.00,178.00,169.00,456.00,561.00,913.00,678.00,353.00,241.00,611.00,688.00,545.00,"1,041.00","1,131.39","1,231.07","1,759.91","2,015.26","1,702.67",712.86,"1,358.24",2286.63
68,SANTANDER,68020,ALBANIA,- 0,5.00,- 0,2.07,- 0,- 0,- 0,- 0,- 0,- 0,- 0,- 0,- 0,- 0,- 0,- 0,- 0,- 0,- 0,0,- 0,- 0
68,SANTANDER,68092,BETULIA,- 0,- 0,- 0,62.00,54.00,10.00,35.00,- 0,- 0,- 0,- 0,- 0,- 0,- 0,- 0,- 0,- 0,- 0,- 0,0,- 0,- 0
68,SANTANDER,68101,BOLÍVAR,92.55,101.00,307.00,487.00,393.00,284.00,742.00,690.00,272.00,165.00,159.00,30.00,28.00,5.00,4.62,14.58,6.82,3.63,- 0,0,3.04,6.04
68,SANTANDER,68176,CHIMA,- 0,10.00,- 0,- 0,- 0,- 0,- 0,- 0,- 0,- 0,- 0,- 0,- 0,- 0,- 0,- 0,- 0,- 0,- 0,0,- 0,- 0
68,SANTANDER,68190,CIMITARRA,26.89,120.00,96.00,157.00,84.00,66.00,100.00,330.00,159.00,106.00,45.00,9.00,2.00,- 0,- 0,- 0,3.04,1.55,- 0,0,4.68,6.35
68,SANTANDER,68209,CONFINES,- 0,1.00,- 0,- 0,- 0,- 0,- 0,- 0,- 0,- 0,- 0,- 0,- 0,- 0,- 0,- 0,- 0,- 0,- 0,0,- 0,- 0
68,SANTANDER,68211,CONTRATACIÓN,- 0,- 0,- 0,- 0,- 0,- 0,- 0,- 0,5.00,- 0,- 0,- 0,- 0,- 0,- 0,- 0,- 0,- 0,- 0,0,- 0,- 0
68,SANTANDER,68235,EL CARMEN,- 0,18.00,- 0,- 0,3.00,8.00,4.00,3.00,17.00,- 0,- 0,2.00,- 0,- 0,1.16,4.92,4.51,2.84,- 0,0,- 0,- 0
68,SANTANDER,68250,EL PEÑÓN,3.00,- 0,18.27,24.00,21.00,32.00,8.00,36.00,23.00,14.00,3.00,- 0,- 0,1.00,- 0,- 0,- 0,2.24,- 0,0,- 0,- 0
68,SANTANDER,68255,EL PLAYÓN,- 0,- 0,- 0,- 0,- 0,- 0,- 0,10.00,14.00,12.00,60.00,2.00,5.00,5.00,2.56,- 0,- 0,- 0,- 0,0,- 0,- 0
68,SANTANDER,68271,FLORIÁN,- 0,- 0,8.92,7.00,- 0,6.00,6.00,- 0,- 0,- 0,- 0,- 0,- 0,- 0,- 0,- 0,- 0,- 0,- 0,0,- 0,- 0
68,SANTANDER,68322,GUAPOTÁ,- 0,- 0,- 0,1.00,- 0,- 0,- 0,- 0,- 0,- 0,- 0,- 0,- 0,- 0,- 0,- 0,- 0,- 0,- 0,0,- 0,- 0
68,SANTANDER,68324,GUAVATÁ,- 0,- 0,- 0,14.32,- 0,- 0,- 0,- 0,- 0,- 0,- 0,- 0,- 0,- 0,- 0,- 0,- 0,- 0,- 0,0,- 0,- 0
68,SANTANDER,68377,LA BELLEZA,22.06,25.00,25.56,96.00,73.00,96.00,53.00,94.00,72.00,31.00,77.00,7.00,3.00,1.00,- 0,- 0,- 0,- 0,- 0,0,- 0,2.91
68,SANTANDER,68397,LA PAZ,- 0,- 0,4.98,1.00,- 0,- 0,- 0,- 0,10.00,- 0,- 0,- 0,- 0,- 0,- 0,- 0,- 0,- 0,- 0,0,- 0,- 0
68,SANTANDER,68385,LANDÁZURI,12.65,43.00,0.91,23.18,77.00,107.00,63.00,126.00,75.00,78.00,34.00,14.00,1.00,1.00,- 0,- 0,- 0,- 0,- 0,0,- 0,- 0
68,SANTANDER,68524,PALMAS DEL SOCORRO,- 0,1.00,- 0,- 0,- 0,- 0,- 0,- 0,- 0,- 0,- 0,- 0,- 0,- 0,- 0,- 0,- 0,- 0,- 0,0,- 0,- 0
68,SANTANDER,68573,PUERTO PARRA,- 0,19.00,2.79,5.00,28.00,16.00,44.00,41.00,21.00,27.00,16.00,5.00,- 0,- 0,- 0,- 0,- 0,- 0,- 0,0,- 0,- 0
68,SANTANDER,68615,RIONEGRO,- 0,1.00,- 0,- 0,- 0,- 0,- 0,3.00,21.00,23.00,51.00,2.00,5.00,2.00,1.98,2.24,5.68,- 0,1.21,1.44,- 0,- 0
68,SANTANDER,68655,SABANA DE TORRES,- 0,- 0,- 0,- 0,- 0,- 0,8.00,- 0,- 0,- 0,- 0,- 0,- 0,- 0,- 0,- 0,- 0,- 0,- 0,0,- 0,- 0
68,SANTANDER,68689,SAN VICENTE DE CHUCURÍ,- 0,- 0,- 0,18.81,27.00,4.00,23.00,- 0,1.00,- 0,- 0,- 0,- 0,- 0,- 0,- 0,- 0,- 0,- 0,0,- 0,- 0
68,SANTANDER,68720,SANTA HELENA DEL OPÓN,- 0,45.00,18.00,21.00,2.00,7.00,14.00,2.00,38.00,48.00,35.00,5.00,3.00,2.00,4.92,10.82,3.86,6.24,1.18,1.68,2.40,- 0
68,SANTANDER,68745,SIMACOTA,- 0,19.00,33.00,20.00,1.00,7.00,13.00,7.00,5.00,35.00,10.00,1.00,1.00,- 0,- 0,4.68,6.08,4.08,- 0,0,- 0,- 0
68,SANTANDER,68755,SOCORRO,- 0,2.00,- 0,- 0,- 0,- 0,- 0,- 0,- 0,- 0,- 0,- 0,- 0,- 0,- 0,- 0,- 0,- 0,- 0,0,- 0,- 0
68,SANTANDER,68773,SUCRE,3.00,55.00,109.00,173.00,199.00,205.00,204.00,449.00,191.00,95.00,86.00,31.00,26.00,7.00,3.39,- 0,- 0,- 0,- 0,0,- 0,- 0
68,SANTANDER,68861,VÉLEZ,- 0,- 0,7.29,12.18,19.00,18.00,8.00,- 0,29.00,39.00,19.00,2.00,3.00,1.00,2.03,- 0,- 0,- 0,- 0,0,- 0,- 0
76,VALLE DEL CAUCA,76100,BOLÍVAR,- 0,- 0,- 0,0.97,18.00,75.00,2.00,17.00,1.00,15.00,52.00,14.00,23.00,5.00,16.18,31.24,75.42,80.85,17.39,24.76,77.41,156.18
76,VALLE DEL CAUCA,76109,BUENAVENTURA,186.35,66.00,32.00,44.00,10.00,149.00,400.00,"1,651.00",794.00,558.00,842.00,422.00,338.00,539.00,627.86,680.47,"1,030.16",987.23,918.49,907.79,"1,273.69",1301.22
76,VALLE DEL CAUCA,76001,CALI,- 0,- 0,- 0,- 0,- 0,- 0,- 0,2.00,- 0,- 0,- 0,- 0,- 0,- 0,- 0,- 0,- 0,- 0,- 0,0,- 0,- 0
76,VALLE DEL CAUCA,76126,CALIMA (El Darién),- 0,- 0,5.00,- 0,- 0,57.00,51.00,386.00,134.00,92.00,73.00,46.00,31.00,16.00,24.36,33.55,43.60,44.93,14.54,13.56,45.10,48.77
76,VALLE DEL CAUCA,76233,DAGUA,- 0,34.00,- 0,- 0,- 0,- 0,- 0,8.00,- 0,- 0,14.00,- 0,6.00,1.00,3.14,3.03,45.82,36.61,58.64,38.72,33.93,48.86
76,VALLE DEL CAUCA,76364,JAMUNDÍ,- 0,11.00,- 0,- 0,- 0,- 0,- 0,25.00,- 0,- 0,- 0,- 0,- 0,- 0,18.44,3.64,61.56,116.92,"1,319.94",953.03,"1,159.51",1083.89
76,VALLE DEL CAUCA,76834,TULUÁ,- 0,- 0,- 0,- 0,- 0,- 0,- 0,- 0,- 0,- 0,- 0,- 0,- 0,- 0,- 0,- 0,4.75,4.02,- 0,0,- 0,- 0
97,VAUPÉS,97161,CARURÚ,"1,279.80","1,125.00",827.00,638.00,386.00,189.00,157.00,168.00,63.00,60.00,100.00,105.00,125.00,92.00,31.03,96.66,105.46,64.74,25.95,39.33,28.81,17.05
97,VAUPÉS,97001,MITÚ,380.52,269.00,230.00,389.00,262.00,259.00,125.00,331.00,190.00,424.00,111.00,125.00,54.00,16.00,1.61,- 0,- 0,- 0,- 0,0,- 0,- 0
97,VAUPÉS,97511,PACOA (Cor. Departamental),36.42,20.00,34.95,- 0,1.00,3.00,16.00,27.00,78.00,183.00,60.00,15.00,- 0,- 0,- 0,- 0,- 0,- 0,- 0,0,- 0,- 0
97,VAUPÉS,97777,PAPUNAUA (Cor. Departamental),73.02,58.00,7.89,33.00,21.00,9.00,5.00,26.00,15.00,27.00,1.00,6.00,4.00,1.00,- 0,- 0,- 0,- 0,- 0,0,- 0,- 0
97,VAUPÉS,97666,TARAIRA,- 0,- 0,- 0,- 0,- 0,- 0,- 0,- 0,1.00,14.00,5.00,1.00,- 0,- 0,- 0,- 0,- 0,- 0,- 0,0,- 0,- 0
97,VAUPÉS,97889,YAVARATÉ (Cor. Departamental),1.00,14.00,57.00,23.69,1.00,- 0,4.00,5.00,4.00,13.00,- 0,2.00,1.00,- 0,- 0,- 0,- 0,- 0,- 0,0,- 0,- 0
99,VICHADA,99773,CUMARIBO,"7,943.17","4,846.00","3,758.00","4,629.00","7,599.00","5,470.00","7,109.00","3,128.00","3,093.00","2,705.00","2,234.00","1,234.00",710.00,507.00,683.14,699.19,652.72,549.97,245.30,120.98,310.83,282.7
99,VICHADA,99524,LA PRIMAVERA,122.70,63.00,60.00,63.00,227.00,53.00,108.00,46.00,35.00,38.00,30.00,8.00,3.00,4.00,- 0,- 0,- 0,- 0,- 0,0,- 0,- 0
99,VICHADA,99624,SANTA ROSALÍA,- 0,- 0,- 0,- 0,- 0,- 0,1.00,- 0,12.00,- 0,- 0,- 0,- 0,- 0,- 0,- 0,- 0,- 0,- 0,0,- 0,- 0
